Id,Req. Timestamp,Resp. Timestamp,Method,URL,Code,Reason,RTT,Size Resp. Header,Size Resp. Body
18,Sun May 14 13:04:10 BDT 2023,Sun May 14 13:04:10 BDT 2023,GET,http://localhost:3000/1089100944457444641,404,Not Found,15,400,2
20,Sun May 14 13:04:10 BDT 2023,Sun May 14 13:04:10 BDT 2023,POST,http://localhost:3000/posts,201,Created,28,507,75
21,Sun May 14 13:04:10 BDT 2023,Sun May 14 13:04:10 BDT 2023,POST,http://localhost:3000/posts,201,Created,30,508,120
22,Sun May 14 13:04:10 BDT 2023,Sun May 14 13:04:10 BDT 2023,POST,http://localhost:3000/posts,201,Created,30,507,77
23,Sun May 14 13:04:10 BDT 2023,Sun May 14 13:04:10 BDT 2023,POST,http://localhost:3000/posts,201,Created,15,508,137
24,Sun May 14 13:04:10 BDT 2023,Sun May 14 13:04:10 BDT 2023,POST,http://localhost:3000/posts,201,Created,32,507,65
25,Sun May 14 13:04:10 BDT 2023,Sun May 14 13:04:10 BDT 2023,POST,http://localhost:3000/posts,201,Created,30,508,112
26,Sun May 14 13:04:10 BDT 2023,Sun May 14 13:04:10 BDT 2023,POST,http://localhost:3000/posts,201,Created,31,507,57
27,Sun May 14 13:04:10 BDT 2023,Sun May 14 13:04:10 BDT 2023,POST,http://localhost:3000/posts,201,Created,30,507,55
28,Sun May 14 13:04:10 BDT 2023,Sun May 14 13:04:10 BDT 2023,POST,http://localhost:3000/posts,201,Created,30,507,58
29,Sun May 14 13:04:10 BDT 2023,Sun May 14 13:04:10 BDT 2023,POST,http://localhost:3000/posts,201,Created,31,508,102
30,Sun May 14 13:04:10 BDT 2023,Sun May 14 13:04:10 BDT 2023,POST,http://localhost:3000/posts,201,Created,13,507,69
31,Sun May 14 13:04:10 BDT 2023,Sun May 14 13:04:10 BDT 2023,POST,http://localhost:3000/posts,201,Created,30,507,70
32,Sun May 14 13:04:10 BDT 2023,Sun May 14 13:04:10 BDT 2023,POST,http://localhost:3000/posts,201,Created,31,507,70
33,Sun May 14 13:04:10 BDT 2023,Sun May 14 13:04:10 BDT 2023,POST,http://localhost:3000/posts,201,Created,15,507,72
34,Sun May 14 13:04:10 BDT 2023,Sun May 14 13:04:10 BDT 2023,POST,http://localhost:3000/posts,201,Created,29,507,92
35,Sun May 14 13:04:10 BDT 2023,Sun May 14 13:04:10 BDT 2023,POST,http://localhost:3000/posts,201,Created,28,507,59
36,Sun May 14 13:04:10 BDT 2023,Sun May 14 13:04:10 BDT 2023,POST,http://localhost:3000/posts,201,Created,31,507,60
37,Sun May 14 13:04:10 BDT 2023,Sun May 14 13:04:10 BDT 2023,POST,http://localhost:3000/posts,201,Created,30,507,61
38,Sun May 14 13:04:10 BDT 2023,Sun May 14 13:04:10 BDT 2023,POST,http://localhost:3000/posts,201,Created,32,507,80
39,Sun May 14 13:04:10 BDT 2023,Sun May 14 13:04:10 BDT 2023,POST,http://localhost:3000/posts,201,Created,15,508,125
40,Sun May 14 13:04:10 BDT 2023,Sun May 14 13:04:10 BDT 2023,POST,http://localhost:3000/posts,201,Created,31,507,82
41,Sun May 14 13:04:10 BDT 2023,Sun May 14 13:04:10 BDT 2023,POST,http://localhost:3000/posts,201,Created,31,508,142
42,Sun May 14 13:04:10 BDT 2023,Sun May 14 13:04:10 BDT 2023,POST,http://localhost:3000/posts,201,Created,32,507,70
43,Sun May 14 13:04:10 BDT 2023,Sun May 14 13:04:10 BDT 2023,POST,http://localhost:3000/posts,201,Created,5,508,117
44,Sun May 14 13:04:10 BDT 2023,Sun May 14 13:04:10 BDT 2023,POST,http://localhost:3000/posts,201,Created,9,507,62
45,Sun May 14 13:04:10 BDT 2023,Sun May 14 13:04:11 BDT 2023,POST,http://localhost:3000/posts,201,Created,31,507,60
46,Sun May 14 13:04:11 BDT 2023,Sun May 14 13:04:11 BDT 2023,POST,http://localhost:3000/posts,201,Created,31,507,63
47,Sun May 14 13:04:11 BDT 2023,Sun May 14 13:04:11 BDT 2023,POST,http://localhost:3000/posts,201,Created,15,508,107
48,Sun May 14 13:04:11 BDT 2023,Sun May 14 13:04:11 BDT 2023,POST,http://localhost:3000/posts,201,Created,31,507,74
49,Sun May 14 13:04:11 BDT 2023,Sun May 14 13:04:11 BDT 2023,POST,http://localhost:3000/posts,201,Created,31,507,75
50,Sun May 14 13:04:11 BDT 2023,Sun May 14 13:04:11 BDT 2023,POST,http://localhost:3000/posts,201,Created,31,507,75
51,Sun May 14 13:04:11 BDT 2023,Sun May 14 13:04:11 BDT 2023,POST,http://localhost:3000/posts,201,Created,31,507,77
52,Sun May 14 13:04:11 BDT 2023,Sun May 14 13:04:11 BDT 2023,POST,http://localhost:3000/posts,201,Created,31,507,97
53,Sun May 14 13:04:11 BDT 2023,Sun May 14 13:04:11 BDT 2023,POST,http://localhost:3000/posts,201,Created,31,507,64
54,Sun May 14 13:04:11 BDT 2023,Sun May 14 13:04:11 BDT 2023,POST,http://localhost:3000/posts,201,Created,15,507,65
55,Sun May 14 13:04:11 BDT 2023,Sun May 14 13:04:11 BDT 2023,POST,http://localhost:3000/posts,201,Created,30,507,66
56,Sun May 14 13:04:11 BDT 2023,Sun May 14 13:04:11 BDT 2023,POST,http://localhost:3000/posts,201,Created,27,507,76
57,Sun May 14 13:04:11 BDT 2023,Sun May 14 13:04:11 BDT 2023,POST,http://localhost:3000/posts,201,Created,30,507,79
58,Sun May 14 13:04:11 BDT 2023,Sun May 14 13:04:11 BDT 2023,POST,http://localhost:3000/posts,201,Created,31,507,75
59,Sun May 14 13:04:11 BDT 2023,Sun May 14 13:04:11 BDT 2023,POST,http://localhost:3000/posts,201,Created,30,507,96
60,Sun May 14 13:04:11 BDT 2023,Sun May 14 13:04:11 BDT 2023,POST,http://localhost:3000/posts,201,Created,29,507,99
61,Sun May 14 13:04:11 BDT 2023,Sun May 14 13:04:11 BDT 2023,POST,http://localhost:3000/posts,201,Created,30,507,69
62,Sun May 14 13:04:11 BDT 2023,Sun May 14 13:04:11 BDT 2023,POST,http://localhost:3000/posts,201,Created,31,507,72
63,Sun May 14 13:04:11 BDT 2023,Sun May 14 13:04:11 BDT 2023,POST,http://localhost:3000/posts,201,Created,16,507,68
64,Sun May 14 13:04:11 BDT 2023,Sun May 14 13:04:11 BDT 2023,POST,http://localhost:3000/posts,201,Created,30,507,89
65,Sun May 14 13:04:11 BDT 2023,Sun May 14 13:04:11 BDT 2023,POST,http://localhost:3000/posts,201,Created,31,507,92
66,Sun May 14 13:04:11 BDT 2023,Sun May 14 13:04:11 BDT 2023,POST,http://localhost:3000/posts,201,Created,30,507,81
67,Sun May 14 13:04:11 BDT 2023,Sun May 14 13:04:11 BDT 2023,POST,http://localhost:3000/posts,201,Created,30,507,84
68,Sun May 14 13:04:11 BDT 2023,Sun May 14 13:04:11 BDT 2023,POST,http://localhost:3000/posts,201,Created,30,507,80
69,Sun May 14 13:04:11 BDT 2023,Sun May 14 13:04:11 BDT 2023,POST,http://localhost:3000/posts,201,Created,14,508,101
70,Sun May 14 13:04:11 BDT 2023,Sun May 14 13:04:11 BDT 2023,POST,http://localhost:3000/posts,201,Created,14,508,104
71,Sun May 14 13:04:11 BDT 2023,Sun May 14 13:04:11 BDT 2023,POST,http://localhost:3000/posts,201,Created,15,507,74
72,Sun May 14 13:04:11 BDT 2023,Sun May 14 13:04:11 BDT 2023,POST,http://localhost:3000/posts,201,Created,29,507,77
73,Sun May 14 13:04:11 BDT 2023,Sun May 14 13:04:11 BDT 2023,POST,http://localhost:3000/posts,201,Created,31,507,73
74,Sun May 14 13:04:11 BDT 2023,Sun May 14 13:04:11 BDT 2023,POST,http://localhost:3000/posts,201,Created,30,507,94
75,Sun May 14 13:04:11 BDT 2023,Sun May 14 13:04:11 BDT 2023,POST,http://localhost:3000/posts,201,Created,30,507,97
76,Sun May 14 13:04:11 BDT 2023,Sun May 14 13:04:11 BDT 2023,GET,http://localhost:3000/WEB-INF/web.xml,404,Not Found,11,400,2
77,Sun May 14 13:04:11 BDT 2023,Sun May 14 13:04:11 BDT 2023,GET,http://localhost:3000/WEB-INF/applicationContext.xml,404,Not Found,15,400,2
78,Sun May 14 13:04:12 BDT 2023,Sun May 14 13:04:12 BDT 2023,POST,http://localhost:3000/posts?-d+allow_url_include%3d1+-d+auto_prepend_file%3dphp://input,201,Created,34,568,113
79,Sun May 14 13:04:12 BDT 2023,Sun May 14 13:04:12 BDT 2023,POST,http://localhost:3000/posts?-d+allow_url_include%3d1+-d+auto_prepend_file%3dphp://input,201,Created,13,568,102
80,Sun May 14 13:04:12 BDT 2023,Sun May 14 13:04:12 BDT 2023,POST,http://localhost:3000/posts,201,Created,34,507,83
81,Sun May 14 13:04:12 BDT 2023,Sun May 14 13:04:12 BDT 2023,POST,http://localhost:3000/posts,201,Created,32,507,90
82,Sun May 14 13:04:12 BDT 2023,Sun May 14 13:04:12 BDT 2023,POST,http://localhost:3000/posts,201,Created,14,507,91
83,Sun May 14 13:04:12 BDT 2023,Sun May 14 13:04:12 BDT 2023,POST,http://localhost:3000/posts,201,Created,14,507,95
84,Sun May 14 13:04:12 BDT 2023,Sun May 14 13:04:12 BDT 2023,POST,http://localhost:3000/posts,201,Created,31,507,99
85,Sun May 14 13:04:12 BDT 2023,Sun May 14 13:04:12 BDT 2023,POST,http://localhost:3000/posts,201,Created,31,507,96
86,Sun May 14 13:04:12 BDT 2023,Sun May 14 13:04:12 BDT 2023,POST,http://localhost:3000/posts,201,Created,30,507,92
87,Sun May 14 13:04:12 BDT 2023,Sun May 14 13:04:12 BDT 2023,POST,http://localhost:3000/posts,201,Created,29,507,93
88,Sun May 14 13:04:12 BDT 2023,Sun May 14 13:04:12 BDT 2023,POST,http://localhost:3000/posts,201,Created,32,507,85
89,Sun May 14 13:04:12 BDT 2023,Sun May 14 13:04:12 BDT 2023,POST,http://localhost:3000/posts,201,Created,14,507,88
90,Sun May 14 13:04:12 BDT 2023,Sun May 14 13:04:12 BDT 2023,POST,http://localhost:3000/posts,201,Created,16,507,95
91,Sun May 14 13:04:12 BDT 2023,Sun May 14 13:04:12 BDT 2023,POST,http://localhost:3000/posts,201,Created,29,507,96
92,Sun May 14 13:04:12 BDT 2023,Sun May 14 13:04:12 BDT 2023,POST,http://localhost:3000/posts,201,Created,15,508,100
93,Sun May 14 13:04:12 BDT 2023,Sun May 14 13:04:12 BDT 2023,POST,http://localhost:3000/posts,201,Created,14,508,104
94,Sun May 14 13:04:12 BDT 2023,Sun May 14 13:04:12 BDT 2023,POST,http://localhost:3000/posts,201,Created,32,508,101
95,Sun May 14 13:04:12 BDT 2023,Sun May 14 13:04:12 BDT 2023,POST,http://localhost:3000/posts,201,Created,31,507,97
96,Sun May 14 13:04:12 BDT 2023,Sun May 14 13:04:12 BDT 2023,POST,http://localhost:3000/posts,201,Created,31,507,98
97,Sun May 14 13:04:12 BDT 2023,Sun May 14 13:04:12 BDT 2023,POST,http://localhost:3000/posts,201,Created,30,507,90
98,Sun May 14 13:04:12 BDT 2023,Sun May 14 13:04:12 BDT 2023,POST,http://localhost:3000/posts,201,Created,21,507,79
99,Sun May 14 13:04:12 BDT 2023,Sun May 14 13:04:12 BDT 2023,POST,http://localhost:3000/posts,201,Created,29,507,83
100,Sun May 14 13:04:12 BDT 2023,Sun May 14 13:04:12 BDT 2023,POST,http://localhost:3000/posts,201,Created,31,507,81
101,Sun May 14 13:04:12 BDT 2023,Sun May 14 13:04:12 BDT 2023,POST,http://localhost:3000/posts,201,Created,29,508,86
102,Sun May 14 13:04:12 BDT 2023,Sun May 14 13:04:12 BDT 2023,POST,http://localhost:3000/posts,201,Created,15,508,85
103,Sun May 14 13:04:12 BDT 2023,Sun May 14 13:04:12 BDT 2023,POST,http://localhost:3000/posts,201,Created,30,508,89
104,Sun May 14 13:04:12 BDT 2023,Sun May 14 13:04:12 BDT 2023,POST,http://localhost:3000/posts,201,Created,31,508,87
105,Sun May 14 13:04:12 BDT 2023,Sun May 14 13:04:12 BDT 2023,POST,http://localhost:3000/posts,201,Created,16,508,91
106,Sun May 14 13:04:12 BDT 2023,Sun May 14 13:04:12 BDT 2023,POST,http://localhost:3000/posts,201,Created,31,508,63
107,Sun May 14 13:04:12 BDT 2023,Sun May 14 13:04:12 BDT 2023,POST,http://localhost:3000/posts,201,Created,30,508,81
108,Sun May 14 13:04:12 BDT 2023,Sun May 14 13:04:12 BDT 2023,POST,http://localhost:3000/posts,201,Created,26,508,68
109,Sun May 14 13:04:12 BDT 2023,Sun May 14 13:04:12 BDT 2023,POST,http://localhost:3000/posts,201,Created,16,508,86
110,Sun May 14 13:04:12 BDT 2023,Sun May 14 13:04:13 BDT 2023,POST,http://localhost:3000/posts,201,Created,34,508,63
111,Sun May 14 13:04:13 BDT 2023,Sun May 14 13:04:13 BDT 2023,POST,http://localhost:3000/posts,201,Created,15,508,68
112,Sun May 14 13:04:13 BDT 2023,Sun May 14 13:04:13 BDT 2023,POST,http://localhost:3000/posts,201,Created,28,508,69
113,Sun May 14 13:04:13 BDT 2023,Sun May 14 13:04:13 BDT 2023,POST,http://localhost:3000/posts,201,Created,24,508,56
114,Sun May 14 13:04:13 BDT 2023,Sun May 14 13:04:13 BDT 2023,POST,http://localhost:3000/posts,201,Created,28,508,70
115,Sun May 14 13:04:13 BDT 2023,Sun May 14 13:04:13 BDT 2023,POST,http://localhost:3000/posts,201,Created,16,508,57
116,Sun May 14 13:04:13 BDT 2023,Sun May 14 13:04:13 BDT 2023,POST,http://localhost:3000/posts,201,Created,31,508,71
117,Sun May 14 13:04:13 BDT 2023,Sun May 14 13:04:13 BDT 2023,POST,http://localhost:3000/posts,201,Created,14,508,56
118,Sun May 14 13:04:13 BDT 2023,Sun May 14 13:04:13 BDT 2023,POST,http://localhost:3000/posts,201,Created,31,508,70
119,Sun May 14 13:04:13 BDT 2023,Sun May 14 13:04:13 BDT 2023,POST,http://localhost:3000/posts,201,Created,13,508,57
120,Sun May 14 13:04:13 BDT 2023,Sun May 14 13:04:13 BDT 2023,POST,http://localhost:3000/posts,201,Created,14,508,71
121,Sun May 14 13:04:13 BDT 2023,Sun May 14 13:04:13 BDT 2023,POST,http://localhost:3000/posts,201,Created,14,508,69
122,Sun May 14 13:04:13 BDT 2023,Sun May 14 13:04:13 BDT 2023,POST,http://localhost:3000/posts,201,Created,14,508,69
123,Sun May 14 13:04:13 BDT 2023,Sun May 14 13:04:13 BDT 2023,POST,http://localhost:3000/posts,201,Created,15,508,81
124,Sun May 14 13:04:13 BDT 2023,Sun May 14 13:04:13 BDT 2023,POST,http://localhost:3000/posts,201,Created,10,508,86
125,Sun May 14 13:04:13 BDT 2023,Sun May 14 13:04:13 BDT 2023,POST,http://localhost:3000/posts,201,Created,35,508,91
126,Sun May 14 13:04:13 BDT 2023,Sun May 14 13:04:13 BDT 2023,POST,http://localhost:3000/posts,201,Created,13,508,77
127,Sun May 14 13:04:13 BDT 2023,Sun May 14 13:04:13 BDT 2023,POST,http://localhost:3000/posts,201,Created,15,508,81
128,Sun May 14 13:04:13 BDT 2023,Sun May 14 13:04:13 BDT 2023,POST,http://localhost:3000/posts,201,Created,15,508,85
129,Sun May 14 13:04:13 BDT 2023,Sun May 14 13:04:13 BDT 2023,POST,http://localhost:3000/posts,201,Created,14,508,95
130,Sun May 14 13:04:13 BDT 2023,Sun May 14 13:04:13 BDT 2023,POST,http://localhost:3000/posts,201,Created,30,508,96
131,Sun May 14 13:04:13 BDT 2023,Sun May 14 13:04:13 BDT 2023,POST,http://localhost:3000/posts,201,Created,14,508,97
132,Sun May 14 13:04:13 BDT 2023,Sun May 14 13:04:13 BDT 2023,POST,http://localhost:3000/posts,201,Created,14,508,96
133,Sun May 14 13:04:13 BDT 2023,Sun May 14 13:04:13 BDT 2023,POST,http://localhost:3000/posts,201,Created,14,508,97
134,Sun May 14 13:04:13 BDT 2023,Sun May 14 13:04:13 BDT 2023,POST,http://localhost:3000/posts,201,Created,14,508,69
135,Sun May 14 13:04:13 BDT 2023,Sun May 14 13:04:13 BDT 2023,POST,http://localhost:3000/posts,201,Created,14,508,61
136,Sun May 14 13:04:13 BDT 2023,Sun May 14 13:04:13 BDT 2023,POST,http://localhost:3000/posts,201,Created,15,508,70
137,Sun May 14 13:04:13 BDT 2023,Sun May 14 13:04:13 BDT 2023,POST,http://localhost:3000/posts,201,Created,15,508,62
138,Sun May 14 13:04:13 BDT 2023,Sun May 14 13:04:13 BDT 2023,POST,http://localhost:3000/posts,201,Created,15,508,71
139,Sun May 14 13:04:13 BDT 2023,Sun May 14 13:04:13 BDT 2023,POST,http://localhost:3000/posts,201,Created,15,508,61
140,Sun May 14 13:04:13 BDT 2023,Sun May 14 13:04:13 BDT 2023,POST,http://localhost:3000/posts,201,Created,15,508,70
141,Sun May 14 13:04:13 BDT 2023,Sun May 14 13:04:13 BDT 2023,POST,http://localhost:3000/posts,201,Created,31,508,62
142,Sun May 14 13:04:13 BDT 2023,Sun May 14 13:04:13 BDT 2023,POST,http://localhost:3000/posts,201,Created,15,508,71
143,Sun May 14 13:04:13 BDT 2023,Sun May 14 13:04:13 BDT 2023,POST,http://localhost:3000/posts,201,Created,13,508,69
144,Sun May 14 13:04:13 BDT 2023,Sun May 14 13:04:13 BDT 2023,POST,http://localhost:3000/posts,201,Created,14,508,69
145,Sun May 14 13:04:13 BDT 2023,Sun May 14 13:04:13 BDT 2023,POST,http://localhost:3000/posts,201,Created,15,508,81
146,Sun May 14 13:04:13 BDT 2023,Sun May 14 13:04:13 BDT 2023,POST,http://localhost:3000/posts,201,Created,16,508,86
147,Sun May 14 13:04:13 BDT 2023,Sun May 14 13:04:13 BDT 2023,POST,http://localhost:3000/posts,201,Created,15,508,91
148,Sun May 14 13:04:13 BDT 2023,Sun May 14 13:04:13 BDT 2023,POST,http://localhost:3000/posts,201,Created,14,508,77
149,Sun May 14 13:04:13 BDT 2023,Sun May 14 13:04:13 BDT 2023,POST,http://localhost:3000/posts,201,Created,15,508,81
150,Sun May 14 13:04:13 BDT 2023,Sun May 14 13:04:13 BDT 2023,POST,http://localhost:3000/posts,201,Created,29,508,85
151,Sun May 14 13:04:13 BDT 2023,Sun May 14 13:04:13 BDT 2023,POST,http://localhost:3000/posts,201,Created,16,508,95
152,Sun May 14 13:04:13 BDT 2023,Sun May 14 13:04:13 BDT 2023,POST,http://localhost:3000/posts,201,Created,30,508,96
153,Sun May 14 13:04:13 BDT 2023,Sun May 14 13:04:13 BDT 2023,POST,http://localhost:3000/posts,201,Created,14,508,97
154,Sun May 14 13:04:13 BDT 2023,Sun May 14 13:04:13 BDT 2023,POST,http://localhost:3000/posts,201,Created,32,508,96
155,Sun May 14 13:04:13 BDT 2023,Sun May 14 13:04:13 BDT 2023,POST,http://localhost:3000/posts,201,Created,14,508,97
156,Sun May 14 13:04:13 BDT 2023,Sun May 14 13:04:13 BDT 2023,POST,http://localhost:3000/posts,201,Created,16,508,69
157,Sun May 14 13:04:13 BDT 2023,Sun May 14 13:04:13 BDT 2023,POST,http://localhost:3000/posts,201,Created,35,508,69
158,Sun May 14 13:04:13 BDT 2023,Sun May 14 13:04:13 BDT 2023,POST,http://localhost:3000/posts,201,Created,15,508,82
159,Sun May 14 13:04:13 BDT 2023,Sun May 14 13:04:14 BDT 2023,POST,http://localhost:3000/posts,201,Created,31,508,86
160,Sun May 14 13:04:14 BDT 2023,Sun May 14 13:04:14 BDT 2023,POST,http://localhost:3000/posts,201,Created,14,508,88
161,Sun May 14 13:04:14 BDT 2023,Sun May 14 13:04:14 BDT 2023,POST,http://localhost:3000/posts,201,Created,15,509,102
162,Sun May 14 13:04:14 BDT 2023,Sun May 14 13:04:14 BDT 2023,POST,http://localhost:3000/posts,201,Created,15,509,103
163,Sun May 14 13:04:14 BDT 2023,Sun May 14 13:04:14 BDT 2023,POST,http://localhost:3000/posts,201,Created,17,509,104
164,Sun May 14 13:04:14 BDT 2023,Sun May 14 13:04:14 BDT 2023,POST,http://localhost:3000/posts,201,Created,15,508,69
165,Sun May 14 13:04:14 BDT 2023,Sun May 14 13:04:14 BDT 2023,POST,http://localhost:3000/posts,201,Created,15,508,82
166,Sun May 14 13:04:14 BDT 2023,Sun May 14 13:04:14 BDT 2023,POST,http://localhost:3000/posts,201,Created,16,508,86
167,Sun May 14 13:04:14 BDT 2023,Sun May 14 13:04:14 BDT 2023,POST,http://localhost:3000/posts,201,Created,34,508,88
168,Sun May 14 13:04:14 BDT 2023,Sun May 14 13:04:14 BDT 2023,POST,http://localhost:3000/posts,201,Created,28,509,102
169,Sun May 14 13:04:14 BDT 2023,Sun May 14 13:04:14 BDT 2023,POST,http://localhost:3000/posts,201,Created,15,509,103
170,Sun May 14 13:04:14 BDT 2023,Sun May 14 13:04:14 BDT 2023,POST,http://localhost:3000/posts,201,Created,12,509,104
171,Sun May 14 13:04:14 BDT 2023,Sun May 14 13:04:14 BDT 2023,POST,http://localhost:3000/posts,201,Created,38,508,69
172,Sun May 14 13:04:14 BDT 2023,Sun May 14 13:04:14 BDT 2023,POST,http://localhost:3000/posts,201,Created,15,509,207
173,Sun May 14 13:04:14 BDT 2023,Sun May 14 13:04:14 BDT 2023,POST,http://localhost:3000/posts,201,Created,13,509,208
174,Sun May 14 13:04:14 BDT 2023,Sun May 14 13:04:14 BDT 2023,POST,http://localhost:3000/posts,201,Created,30,509,209
175,Sun May 14 13:04:14 BDT 2023,Sun May 14 13:04:14 BDT 2023,POST,http://localhost:3000/posts,201,Created,14,509,208
176,Sun May 14 13:04:14 BDT 2023,Sun May 14 13:04:14 BDT 2023,POST,http://localhost:3000/posts,201,Created,15,508,88
177,Sun May 14 13:04:14 BDT 2023,Sun May 14 13:04:14 BDT 2023,POST,http://localhost:3000/posts,201,Created,9,508,69
178,Sun May 14 13:04:14 BDT 2023,Sun May 14 13:04:14 BDT 2023,POST,http://localhost:3000/posts,201,Created,22,509,212
179,Sun May 14 13:04:14 BDT 2023,Sun May 14 13:04:14 BDT 2023,POST,http://localhost:3000/posts,201,Created,13,509,213
180,Sun May 14 13:04:14 BDT 2023,Sun May 14 13:04:14 BDT 2023,POST,http://localhost:3000/posts,201,Created,14,509,214
181,Sun May 14 13:04:14 BDT 2023,Sun May 14 13:04:14 BDT 2023,POST,http://localhost:3000/posts,201,Created,17,509,213
182,Sun May 14 13:04:14 BDT 2023,Sun May 14 13:04:14 BDT 2023,POST,http://localhost:3000/posts,201,Created,13,508,93
183,Sun May 14 13:04:14 BDT 2023,Sun May 14 13:04:14 BDT 2023,POST,http://localhost:3000/posts,201,Created,18,508,69
184,Sun May 14 13:04:14 BDT 2023,Sun May 14 13:04:14 BDT 2023,POST,http://localhost:3000/posts,201,Created,14,510,355
185,Sun May 14 13:04:14 BDT 2023,Sun May 14 13:04:14 BDT 2023,POST,http://localhost:3000/posts,201,Created,14,510,373
186,Sun May 14 13:04:14 BDT 2023,Sun May 14 13:04:14 BDT 2023,POST,http://localhost:3000/posts,201,Created,16,510,377
187,Sun May 14 13:04:14 BDT 2023,Sun May 14 13:04:14 BDT 2023,POST,http://localhost:3000/posts,201,Created,15,510,379
188,Sun May 14 13:04:14 BDT 2023,Sun May 14 13:04:14 BDT 2023,POST,http://localhost:3000/posts,201,Created,15,510,385
189,Sun May 14 13:04:14 BDT 2023,Sun May 14 13:04:14 BDT 2023,POST,http://localhost:3000/posts,201,Created,15,508,69
190,Sun May 14 13:04:14 BDT 2023,Sun May 14 13:04:14 BDT 2023,POST,http://localhost:3000/posts,201,Created,16,510,360
191,Sun May 14 13:04:14 BDT 2023,Sun May 14 13:04:14 BDT 2023,POST,http://localhost:3000/posts,201,Created,16,510,373
192,Sun May 14 13:04:14 BDT 2023,Sun May 14 13:04:14 BDT 2023,POST,http://localhost:3000/posts,201,Created,14,510,377
193,Sun May 14 13:04:14 BDT 2023,Sun May 14 13:04:14 BDT 2023,POST,http://localhost:3000/posts,201,Created,14,510,379
194,Sun May 14 13:04:14 BDT 2023,Sun May 14 13:04:14 BDT 2023,POST,http://localhost:3000/posts,201,Created,8,510,385
195,Sun May 14 13:04:14 BDT 2023,Sun May 14 13:04:14 BDT 2023,POST,http://localhost:3000/posts,201,Created,22,508,69
196,Sun May 14 13:04:14 BDT 2023,Sun May 14 13:04:14 BDT 2023,POST,http://localhost:3000/posts,201,Created,16,509,117
197,Sun May 14 13:04:14 BDT 2023,Sun May 14 13:04:14 BDT 2023,POST,http://localhost:3000/posts,201,Created,31,509,121
198,Sun May 14 13:04:14 BDT 2023,Sun May 14 13:04:14 BDT 2023,POST,http://localhost:3000/posts,201,Created,14,509,122
199,Sun May 14 13:04:14 BDT 2023,Sun May 14 13:04:14 BDT 2023,POST,http://localhost:3000/posts,201,Created,16,509,123
200,Sun May 14 13:04:14 BDT 2023,Sun May 14 13:04:14 BDT 2023,POST,http://localhost:3000/posts,201,Created,13,509,135
201,Sun May 14 13:04:14 BDT 2023,Sun May 14 13:04:14 BDT 2023,POST,http://localhost:3000/posts,201,Created,14,508,69
202,Sun May 14 13:04:14 BDT 2023,Sun May 14 13:04:14 BDT 2023,POST,http://localhost:3000/posts,201,Created,31,509,122
203,Sun May 14 13:04:14 BDT 2023,Sun May 14 13:04:14 BDT 2023,POST,http://localhost:3000/posts,201,Created,14,509,126
204,Sun May 14 13:04:14 BDT 2023,Sun May 14 13:04:14 BDT 2023,POST,http://localhost:3000/posts,201,Created,13,509,127
205,Sun May 14 13:04:14 BDT 2023,Sun May 14 13:04:14 BDT 2023,POST,http://localhost:3000/posts,201,Created,16,509,128
206,Sun May 14 13:04:14 BDT 2023,Sun May 14 13:04:14 BDT 2023,POST,http://localhost:3000/posts,201,Created,16,509,135
207,Sun May 14 13:04:14 BDT 2023,Sun May 14 13:04:14 BDT 2023,POST,http://localhost:3000/posts,201,Created,33,508,69
208,Sun May 14 13:04:14 BDT 2023,Sun May 14 13:04:14 BDT 2023,POST,http://localhost:3000/posts,201,Created,8,508,69
209,Sun May 14 13:04:14 BDT 2023,Sun May 14 13:04:14 BDT 2023,POST,http://localhost:3000/posts,201,Created,37,509,111
210,Sun May 14 13:04:14 BDT 2023,Sun May 14 13:04:14 BDT 2023,POST,http://localhost:3000/posts,201,Created,14,509,111
211,Sun May 14 13:04:14 BDT 2023,Sun May 14 13:04:15 BDT 2023,POST,http://localhost:3000/posts,201,Created,15,509,112
212,Sun May 14 13:04:15 BDT 2023,Sun May 14 13:04:15 BDT 2023,POST,http://localhost:3000/posts,201,Created,14,509,113
213,Sun May 14 13:04:15 BDT 2023,Sun May 14 13:04:15 BDT 2023,POST,http://localhost:3000/posts,201,Created,30,509,114
214,Sun May 14 13:04:15 BDT 2023,Sun May 14 13:04:15 BDT 2023,POST,http://localhost:3000/posts,201,Created,15,509,114
215,Sun May 14 13:04:15 BDT 2023,Sun May 14 13:04:15 BDT 2023,POST,http://localhost:3000/posts,201,Created,15,509,115
216,Sun May 14 13:04:15 BDT 2023,Sun May 14 13:04:15 BDT 2023,POST,http://localhost:3000/posts,201,Created,13,508,69
217,Sun May 14 13:04:15 BDT 2023,Sun May 14 13:04:15 BDT 2023,POST,http://localhost:3000/posts,201,Created,8,508,69
218,Sun May 14 13:04:15 BDT 2023,Sun May 14 13:04:15 BDT 2023,POST,http://localhost:3000/posts,201,Created,24,509,116
219,Sun May 14 13:04:15 BDT 2023,Sun May 14 13:04:15 BDT 2023,POST,http://localhost:3000/posts,201,Created,13,509,116
220,Sun May 14 13:04:15 BDT 2023,Sun May 14 13:04:15 BDT 2023,POST,http://localhost:3000/posts,201,Created,14,509,117
221,Sun May 14 13:04:15 BDT 2023,Sun May 14 13:04:15 BDT 2023,POST,http://localhost:3000/posts,201,Created,17,509,118
222,Sun May 14 13:04:15 BDT 2023,Sun May 14 13:04:15 BDT 2023,POST,http://localhost:3000/posts,201,Created,13,509,118
223,Sun May 14 13:04:15 BDT 2023,Sun May 14 13:04:15 BDT 2023,POST,http://localhost:3000/posts,201,Created,14,509,119
224,Sun May 14 13:04:15 BDT 2023,Sun May 14 13:04:15 BDT 2023,POST,http://localhost:3000/posts,201,Created,16,509,120
225,Sun May 14 13:04:15 BDT 2023,Sun May 14 13:04:15 BDT 2023,POST,http://localhost:3000/posts,201,Created,14,509,120
226,Sun May 14 13:04:16 BDT 2023,Sun May 14 13:04:16 BDT 2023,GET,http://localhost:3000/posts,200,OK,30,400,26098
227,Sun May 14 13:04:16 BDT 2023,Sun May 14 13:04:17 BDT 2023,GET,https://location.services.mozilla.com/v1/country?key=7e40f68c-7938-4c5d-9f95-e61647c213eb,200,OK,1192,483,52
228,Sun May 14 13:04:16 BDT 2023,Sun May 14 13:04:17 BDT 2023,POST,https://shavar.services.mozilla.com/downloads?client=navclient-auto-ffox&appver=113.0&pver=2.2,200,OK,1194,201,1497
229,Sun May 14 13:04:17 BDT 2023,Sun May 14 13:04:18 BDT 2023,GET,https://tracking-protection.cdn.mozilla.net/ads-track-digest256/1683905755,200,OK,374,512,56534
230,Sun May 14 13:04:18 BDT 2023,Sun May 14 13:04:18 BDT 2023,GET,https://tracking-protection.cdn.mozilla.net/social-track-digest256/1668785275,200,OK,165,473,2165
231,Sun May 14 13:04:18 BDT 2023,Sun May 14 13:04:18 BDT 2023,GET,https://tracking-protection.cdn.mozilla.net/analytics-track-digest256/1683905755,200,OK,163,512,10486
232,Sun May 14 13:04:18 BDT 2023,Sun May 14 13:04:18 BDT 2023,GET,https://tracking-protection.cdn.mozilla.net/content-track-digest256/1683905755,200,OK,213,524,15350
233,Sun May 14 13:04:19 BDT 2023,Sun May 14 13:04:19 BDT 2023,GET,https://tracking-protection.cdn.mozilla.net/mozstd-trackwhite-digest256/1683905755,200,OK,573,545,345431
234,Sun May 14 13:04:19 BDT 2023,Sun May 14 13:04:21 BDT 2023,GET,https://tracking-protection.cdn.mozilla.net/google-trackwhite-digest256/1683905755,200,OK,1658,514,1476920
235,Sun May 14 13:04:21 BDT 2023,Sun May 14 13:04:21 BDT 2023,GET,https://tracking-protection.cdn.mozilla.net/base-fingerprinting-track-digest256/1663274228,200,OK,158,473,3605
236,Sun May 14 13:04:21 BDT 2023,Sun May 14 13:04:21 BDT 2023,GET,https://tracking-protection.cdn.mozilla.net/base-cryptomining-track-digest256/1604686195,200,OK,159,473,2261
237,Sun May 14 13:04:21 BDT 2023,Sun May 14 13:04:21 BDT 2023,GET,https://tracking-protection.cdn.mozilla.net/social-tracking-protection-facebook-digest256/1604686195,200,OK,163,484,436
238,Sun May 14 13:04:21 BDT 2023,Sun May 14 13:04:22 BDT 2023,GET,https://tracking-protection.cdn.mozilla.net/social-tracking-protection-linkedin-digest256/1564526481,200,OK,157,484,115
239,Sun May 14 13:04:22 BDT 2023,Sun May 14 13:04:22 BDT 2023,GET,https://tracking-protection.cdn.mozilla.net/social-tracking-protection-twitter-digest256/1604686195,200,OK,161,472,212
240,Sun May 14 13:04:22 BDT 2023,Sun May 14 13:04:22 BDT 2023,GET,https://tracking-protection.cdn.mozilla.net/base-email-track-digest256/1668785275,200,OK,158,505,6933
241,Sun May 14 13:04:22 BDT 2023,Sun May 14 13:04:22 BDT 2023,GET,https://tracking-protection.cdn.mozilla.net/content-email-track-digest256/1668785275,200,OK,159,473,8821
242,Sun May 14 13:04:25 BDT 2023,Sun May 14 13:04:25 BDT 2023,GET,http://localhost:3000/posts?name=abc,200,OK,34,400,26098
243,Sun May 14 13:04:32 BDT 2023,Sun May 14 13:04:32 BDT 2023,POST,http://localhost:3000/posts,201,Created,23,508,69
244,Sun May 14 13:04:32 BDT 2023,Sun May 14 13:04:32 BDT 2023,POST,http://localhost:3000/posts,201,Created,15,508,96
245,Sun May 14 13:04:32 BDT 2023,Sun May 14 13:04:32 BDT 2023,POST,http://localhost:3000/posts,201,Created,14,508,97
246,Sun May 14 13:04:32 BDT 2023,Sun May 14 13:04:32 BDT 2023,POST,http://localhost:3000/posts,201,Created,14,508,98
247,Sun May 14 13:04:32 BDT 2023,Sun May 14 13:04:32 BDT 2023,POST,http://localhost:3000/posts,201,Created,16,508,97
248,Sun May 14 13:04:32 BDT 2023,Sun May 14 13:04:32 BDT 2023,POST,http://localhost:3000/posts,201,Created,15,508,99
249,Sun May 14 13:04:32 BDT 2023,Sun May 14 13:04:32 BDT 2023,POST,http://localhost:3000/posts,201,Created,13,508,69
250,Sun May 14 13:04:32 BDT 2023,Sun May 14 13:04:32 BDT 2023,POST,http://localhost:3000/posts,201,Created,6,509,151
251,Sun May 14 13:04:32 BDT 2023,Sun May 14 13:04:32 BDT 2023,POST,http://localhost:3000/posts,201,Created,15,509,149
252,Sun May 14 13:04:32 BDT 2023,Sun May 14 13:04:32 BDT 2023,POST,http://localhost:3000/posts,201,Created,16,509,144
253,Sun May 14 13:04:32 BDT 2023,Sun May 14 13:04:32 BDT 2023,POST,http://localhost:3000/posts,201,Created,14,509,146
254,Sun May 14 13:04:32 BDT 2023,Sun May 14 13:04:32 BDT 2023,POST,http://localhost:3000/posts,201,Created,14,509,142
255,Sun May 14 13:04:32 BDT 2023,Sun May 14 13:04:32 BDT 2023,POST,http://localhost:3000/posts,201,Created,18,508,93
256,Sun May 14 13:04:32 BDT 2023,Sun May 14 13:04:32 BDT 2023,POST,http://localhost:3000/posts,201,Created,9,508,80
257,Sun May 14 13:04:32 BDT 2023,Sun May 14 13:04:32 BDT 2023,POST,http://localhost:3000/posts,201,Created,14,508,86
258,Sun May 14 13:04:32 BDT 2023,Sun May 14 13:04:32 BDT 2023,POST,http://localhost:3000/posts,201,Created,16,509,156
259,Sun May 14 13:04:32 BDT 2023,Sun May 14 13:04:32 BDT 2023,POST,http://localhost:3000/posts,201,Created,13,509,154
260,Sun May 14 13:04:32 BDT 2023,Sun May 14 13:04:32 BDT 2023,POST,http://localhost:3000/posts,201,Created,16,509,149
261,Sun May 14 13:04:32 BDT 2023,Sun May 14 13:04:32 BDT 2023,POST,http://localhost:3000/posts,201,Created,14,509,151
262,Sun May 14 13:04:32 BDT 2023,Sun May 14 13:04:32 BDT 2023,POST,http://localhost:3000/posts,201,Created,15,509,147
263,Sun May 14 13:04:32 BDT 2023,Sun May 14 13:04:32 BDT 2023,POST,http://localhost:3000/posts,201,Created,16,508,98
264,Sun May 14 13:04:32 BDT 2023,Sun May 14 13:04:32 BDT 2023,POST,http://localhost:3000/posts,201,Created,16,508,85
265,Sun May 14 13:04:32 BDT 2023,Sun May 14 13:04:32 BDT 2023,POST,http://localhost:3000/posts,201,Created,13,508,91
266,Sun May 14 13:04:32 BDT 2023,Sun May 14 13:04:32 BDT 2023,POST,http://localhost:3000/posts,201,Created,22,508,70
267,Sun May 14 13:04:32 BDT 2023,Sun May 14 13:04:32 BDT 2023,POST,http://localhost:3000/posts,201,Created,14,508,86
268,Sun May 14 13:04:32 BDT 2023,Sun May 14 13:04:32 BDT 2023,POST,http://localhost:3000/posts,201,Created,14,508,86
269,Sun May 14 13:04:32 BDT 2023,Sun May 14 13:04:32 BDT 2023,POST,http://localhost:3000/posts,201,Created,15,508,90
270,Sun May 14 13:04:32 BDT 2023,Sun May 14 13:04:32 BDT 2023,POST,http://localhost:3000/posts,201,Created,15,508,90
271,Sun May 14 13:04:32 BDT 2023,Sun May 14 13:04:32 BDT 2023,POST,http://localhost:3000/posts,201,Created,31,508,88
272,Sun May 14 13:04:32 BDT 2023,Sun May 14 13:04:33 BDT 2023,POST,http://localhost:3000/posts,201,Created,16,508,88
273,Sun May 14 13:04:33 BDT 2023,Sun May 14 13:04:33 BDT 2023,POST,http://localhost:3000/posts,201,Created,14,508,80
274,Sun May 14 13:04:33 BDT 2023,Sun May 14 13:04:33 BDT 2023,POST,http://localhost:3000/posts,201,Created,14,508,80
275,Sun May 14 13:04:33 BDT 2023,Sun May 14 13:04:33 BDT 2023,POST,http://localhost:3000/posts,201,Created,15,508,84
276,Sun May 14 13:04:33 BDT 2023,Sun May 14 13:04:33 BDT 2023,POST,http://localhost:3000/posts,201,Created,15,508,84
277,Sun May 14 13:04:33 BDT 2023,Sun May 14 13:04:33 BDT 2023,POST,http://localhost:3000/posts,201,Created,14,508,82
278,Sun May 14 13:04:33 BDT 2023,Sun May 14 13:04:33 BDT 2023,POST,http://localhost:3000/posts,201,Created,33,508,82
279,Sun May 14 13:04:33 BDT 2023,Sun May 14 13:04:33 BDT 2023,POST,http://localhost:3000/posts,201,Created,15,508,81
280,Sun May 14 13:04:33 BDT 2023,Sun May 14 13:04:33 BDT 2023,POST,http://localhost:3000/posts,201,Created,15,508,96
281,Sun May 14 13:04:33 BDT 2023,Sun May 14 13:04:33 BDT 2023,POST,http://localhost:3000/posts,201,Created,13,508,96
282,Sun May 14 13:04:33 BDT 2023,Sun May 14 13:04:33 BDT 2023,POST,http://localhost:3000/posts,201,Created,15,509,101
283,Sun May 14 13:04:33 BDT 2023,Sun May 14 13:04:33 BDT 2023,POST,http://localhost:3000/posts,201,Created,10,508,98
284,Sun May 14 13:04:33 BDT 2023,Sun May 14 13:04:33 BDT 2023,POST,http://localhost:3000/posts,201,Created,39,508,99
285,Sun May 14 13:04:33 BDT 2023,Sun May 14 13:04:33 BDT 2023,POST,http://localhost:3000/posts,201,Created,13,508,97
286,Sun May 14 13:04:33 BDT 2023,Sun May 14 13:04:33 BDT 2023,POST,http://localhost:3000/posts,201,Created,15,508,84
287,Sun May 14 13:04:33 BDT 2023,Sun May 14 13:04:33 BDT 2023,POST,http://localhost:3000/posts,201,Created,15,508,84
288,Sun May 14 13:04:33 BDT 2023,Sun May 14 13:04:33 BDT 2023,POST,http://localhost:3000/posts,201,Created,7,508,89
289,Sun May 14 13:04:33 BDT 2023,Sun May 14 13:04:33 BDT 2023,POST,http://localhost:3000/posts,201,Created,22,508,86
290,Sun May 14 13:04:33 BDT 2023,Sun May 14 13:04:33 BDT 2023,POST,http://localhost:3000/posts,201,Created,15,508,87
291,Sun May 14 13:04:33 BDT 2023,Sun May 14 13:04:33 BDT 2023,POST,http://localhost:3000/posts,201,Created,16,508,85
292,Sun May 14 13:04:33 BDT 2023,Sun May 14 13:04:33 BDT 2023,POST,http://localhost:3000/posts,201,Created,16,508,63
293,Sun May 14 13:04:33 BDT 2023,Sun May 14 13:04:33 BDT 2023,POST,http://localhost:3000/posts,201,Created,14,508,78
294,Sun May 14 13:04:33 BDT 2023,Sun May 14 13:04:33 BDT 2023,POST,http://localhost:3000/posts,201,Created,17,508,80
295,Sun May 14 13:04:33 BDT 2023,Sun May 14 13:04:33 BDT 2023,POST,http://localhost:3000/posts,201,Created,15,508,79
296,Sun May 14 13:04:33 BDT 2023,Sun May 14 13:04:33 BDT 2023,POST,http://localhost:3000/posts,201,Created,14,508,80
297,Sun May 14 13:04:33 BDT 2023,Sun May 14 13:04:33 BDT 2023,POST,http://localhost:3000/posts,201,Created,14,508,88
298,Sun May 14 13:04:33 BDT 2023,Sun May 14 13:04:33 BDT 2023,POST,http://localhost:3000/posts,201,Created,14,508,90
299,Sun May 14 13:04:33 BDT 2023,Sun May 14 13:04:33 BDT 2023,POST,http://localhost:3000/posts,201,Created,15,508,89
300,Sun May 14 13:04:33 BDT 2023,Sun May 14 13:04:33 BDT 2023,POST,http://localhost:3000/posts,201,Created,21,508,90
301,Sun May 14 13:04:33 BDT 2023,Sun May 14 13:04:33 BDT 2023,POST,http://localhost:3000/posts,201,Created,22,508,75
302,Sun May 14 13:04:33 BDT 2023,Sun May 14 13:04:33 BDT 2023,POST,http://localhost:3000/posts,201,Created,14,508,86
303,Sun May 14 13:04:33 BDT 2023,Sun May 14 13:04:33 BDT 2023,POST,http://localhost:3000/posts,201,Created,9,508,86
304,Sun May 14 13:04:33 BDT 2023,Sun May 14 13:04:33 BDT 2023,POST,http://localhost:3000/posts,201,Created,25,508,90
305,Sun May 14 13:04:33 BDT 2023,Sun May 14 13:04:33 BDT 2023,POST,http://localhost:3000/posts,201,Created,13,508,90
306,Sun May 14 13:04:33 BDT 2023,Sun May 14 13:04:33 BDT 2023,POST,http://localhost:3000/posts,201,Created,16,508,88
307,Sun May 14 13:04:33 BDT 2023,Sun May 14 13:04:33 BDT 2023,POST,http://localhost:3000/posts,201,Created,15,508,88
308,Sun May 14 13:04:33 BDT 2023,Sun May 14 13:04:33 BDT 2023,POST,http://localhost:3000/posts,201,Created,17,508,80
309,Sun May 14 13:04:33 BDT 2023,Sun May 14 13:04:33 BDT 2023,POST,http://localhost:3000/posts,201,Created,14,508,80
310,Sun May 14 13:04:33 BDT 2023,Sun May 14 13:04:33 BDT 2023,POST,http://localhost:3000/posts,201,Created,14,508,84
311,Sun May 14 13:04:33 BDT 2023,Sun May 14 13:04:33 BDT 2023,POST,http://localhost:3000/posts,201,Created,32,508,84
312,Sun May 14 13:04:33 BDT 2023,Sun May 14 13:04:33 BDT 2023,POST,http://localhost:3000/posts,201,Created,15,508,82
313,Sun May 14 13:04:33 BDT 2023,Sun May 14 13:04:33 BDT 2023,POST,http://localhost:3000/posts,201,Created,14,508,82
314,Sun May 14 13:04:33 BDT 2023,Sun May 14 13:04:33 BDT 2023,POST,http://localhost:3000/posts,201,Created,14,508,86
315,Sun May 14 13:04:33 BDT 2023,Sun May 14 13:04:33 BDT 2023,POST,http://localhost:3000/posts,201,Created,15,508,96
316,Sun May 14 13:04:33 BDT 2023,Sun May 14 13:04:33 BDT 2023,POST,http://localhost:3000/posts,201,Created,31,508,96
317,Sun May 14 13:04:33 BDT 2023,Sun May 14 13:04:33 BDT 2023,POST,http://localhost:3000/posts,201,Created,16,509,101
318,Sun May 14 13:04:33 BDT 2023,Sun May 14 13:04:33 BDT 2023,POST,http://localhost:3000/posts,201,Created,16,508,98
319,Sun May 14 13:04:33 BDT 2023,Sun May 14 13:04:33 BDT 2023,POST,http://localhost:3000/posts,201,Created,14,508,99
320,Sun May 14 13:04:33 BDT 2023,Sun May 14 13:04:33 BDT 2023,POST,http://localhost:3000/posts,201,Created,17,508,97
321,Sun May 14 13:04:33 BDT 2023,Sun May 14 13:04:33 BDT 2023,POST,http://localhost:3000/posts,201,Created,14,508,84
322,Sun May 14 13:04:33 BDT 2023,Sun May 14 13:04:33 BDT 2023,POST,http://localhost:3000/posts,201,Created,13,508,84
323,Sun May 14 13:04:33 BDT 2023,Sun May 14 13:04:33 BDT 2023,POST,http://localhost:3000/posts,201,Created,15,508,89
324,Sun May 14 13:04:33 BDT 2023,Sun May 14 13:04:33 BDT 2023,POST,http://localhost:3000/posts,201,Created,15,508,86
325,Sun May 14 13:04:33 BDT 2023,Sun May 14 13:04:33 BDT 2023,POST,http://localhost:3000/posts,201,Created,13,508,87
326,Sun May 14 13:04:33 BDT 2023,Sun May 14 13:04:33 BDT 2023,POST,http://localhost:3000/posts,201,Created,16,508,85
327,Sun May 14 13:04:33 BDT 2023,Sun May 14 13:04:33 BDT 2023,POST,http://localhost:3000/posts,201,Created,14,508,68
328,Sun May 14 13:04:33 BDT 2023,Sun May 14 13:04:33 BDT 2023,POST,http://localhost:3000/posts,201,Created,15,508,78
329,Sun May 14 13:04:33 BDT 2023,Sun May 14 13:04:33 BDT 2023,POST,http://localhost:3000/posts,201,Created,15,508,80
330,Sun May 14 13:04:33 BDT 2023,Sun May 14 13:04:33 BDT 2023,POST,http://localhost:3000/posts,201,Created,15,508,79
331,Sun May 14 13:04:33 BDT 2023,Sun May 14 13:04:34 BDT 2023,POST,http://localhost:3000/posts,201,Created,14,508,80
332,Sun May 14 13:04:34 BDT 2023,Sun May 14 13:04:34 BDT 2023,POST,http://localhost:3000/posts,201,Created,17,508,88
333,Sun May 14 13:04:34 BDT 2023,Sun May 14 13:04:34 BDT 2023,POST,http://localhost:3000/posts,201,Created,15,508,90
334,Sun May 14 13:04:34 BDT 2023,Sun May 14 13:04:34 BDT 2023,POST,http://localhost:3000/posts,201,Created,16,508,89
335,Sun May 14 13:04:34 BDT 2023,Sun May 14 13:04:34 BDT 2023,POST,http://localhost:3000/posts,201,Created,14,508,90
336,Sun May 14 13:04:34 BDT 2023,Sun May 14 13:04:34 BDT 2023,POST,http://localhost:3000/latest/meta-data/,404,Not Found,11,424,2
337,Sun May 14 13:04:34 BDT 2023,Sun May 14 13:04:34 BDT 2023,POST,http://localhost:3000/posts/,201,Created,17,509,69
338,Sun May 14 13:04:34 BDT 2023,Sun May 14 13:04:34 BDT 2023,POST,http://localhost:3000/latest/meta-data/,404,Not Found,5,424,2
339,Sun May 14 13:04:34 BDT 2023,Sun May 14 13:04:34 BDT 2023,POST,http://localhost:3000/latest/meta-data/,404,Not Found,6,424,2
340,Sun May 14 13:04:34 BDT 2023,Sun May 14 13:04:34 BDT 2023,POST,http://localhost:3000/latest/meta-data/,404,Not Found,20,424,2
341,Sun May 14 13:04:34 BDT 2023,Sun May 14 13:04:34 BDT 2023,POST,http://localhost:3000/posts,201,Created,18,511,2155
342,Sun May 14 13:04:34 BDT 2023,Sun May 14 13:04:34 BDT 2023,POST,http://localhost:3000/posts,201,Created,10,511,2160
343,Sun May 14 13:04:34 BDT 2023,Sun May 14 13:04:34 BDT 2023,POST,http://localhost:3000/posts,201,Created,25,508,58
344,Sun May 14 13:04:34 BDT 2023,Sun May 14 13:04:34 BDT 2023,POST,http://localhost:3000/posts,201,Created,15,509,140
345,Sun May 14 13:04:34 BDT 2023,Sun May 14 13:04:34 BDT 2023,POST,http://localhost:3000/posts,201,Created,15,509,252
346,Sun May 14 13:04:34 BDT 2023,Sun May 14 13:04:34 BDT 2023,POST,http://localhost:3000/posts,201,Created,15,508,63
347,Sun May 14 13:04:34 BDT 2023,Sun May 14 13:04:34 BDT 2023,POST,http://localhost:3000/posts,201,Created,15,509,145
348,Sun May 14 13:04:34 BDT 2023,Sun May 14 13:04:34 BDT 2023,POST,http://localhost:3000/posts,201,Created,16,510,257
349,Sun May 14 13:04:34 BDT 2023,Sun May 14 13:04:34 BDT 2023,POST,http://localhost:3000/posts,201,Created,23,509,110
350,Sun May 14 13:04:34 BDT 2023,Sun May 14 13:04:34 BDT 2023,POST,http://localhost:3000/posts,201,Created,15,509,117
351,Sun May 14 13:04:34 BDT 2023,Sun May 14 13:04:34 BDT 2023,POST,http://localhost:3000/posts,201,Created,15,509,118
352,Sun May 14 13:04:34 BDT 2023,Sun May 14 13:04:34 BDT 2023,POST,http://localhost:3000/posts,201,Created,13,509,115
353,Sun May 14 13:04:34 BDT 2023,Sun May 14 13:04:34 BDT 2023,POST,http://localhost:3000/posts,201,Created,15,509,116
354,Sun May 14 13:04:34 BDT 2023,Sun May 14 13:04:34 BDT 2023,POST,http://localhost:3000/posts,201,Created,31,509,121
355,Sun May 14 13:04:34 BDT 2023,Sun May 14 13:04:34 BDT 2023,POST,http://localhost:3000/posts,201,Created,13,509,122
356,Sun May 14 13:04:34 BDT 2023,Sun May 14 13:04:34 BDT 2023,POST,http://localhost:3000/posts,201,Created,18,509,115
357,Sun May 14 13:04:34 BDT 2023,Sun May 14 13:04:34 BDT 2023,POST,http://localhost:3000/posts,201,Created,14,509,122
358,Sun May 14 13:04:34 BDT 2023,Sun May 14 13:04:34 BDT 2023,POST,http://localhost:3000/posts,201,Created,26,509,123
359,Sun May 14 13:04:34 BDT 2023,Sun May 14 13:04:34 BDT 2023,POST,http://localhost:3000/posts,201,Created,15,509,120
360,Sun May 14 13:04:34 BDT 2023,Sun May 14 13:04:34 BDT 2023,POST,http://localhost:3000/posts,201,Created,10,509,121
361,Sun May 14 13:04:34 BDT 2023,Sun May 14 13:04:34 BDT 2023,POST,http://localhost:3000/posts,201,Created,34,509,126
362,Sun May 14 13:04:34 BDT 2023,Sun May 14 13:04:34 BDT 2023,POST,http://localhost:3000/posts,201,Created,16,509,127
363,Sun May 14 13:04:34 BDT 2023,Sun May 14 13:04:34 BDT 2023,POST,http://localhost:3000/posts,201,Created,25,508,69
364,Sun May 14 13:04:34 BDT 2023,Sun May 14 13:04:34 BDT 2023,POST,http://localhost:3000/posts,201,Created,10,508,69
365,Sun May 14 13:04:34 BDT 2023,Sun May 14 13:04:34 BDT 2023,GET,http://localhost:3000/elmah.axd,404,Not Found,5,400,2
366,Sun May 14 13:04:34 BDT 2023,Sun May 14 13:04:34 BDT 2023,GET,http://localhost:3000/trace.axd,404,Not Found,12,400,2
367,Sun May 14 13:04:34 BDT 2023,Sun May 14 13:04:34 BDT 2023,GET,http://localhost:3000/.htaccess,404,Not Found,14,400,2
368,Sun May 14 13:04:34 BDT 2023,Sun May 14 13:04:34 BDT 2023,GET,http://localhost:3000/.env,404,Not Found,13,400,2
369,Sun May 14 13:04:34 BDT 2023,Sun May 14 13:04:34 BDT 2023,GET,http://localhost:3000/lfm.php,404,Not Found,9,400,2
370,Sun May 14 13:04:34 BDT 2023,Sun May 14 13:04:34 BDT 2023,POST,http://localhost:3000/posts,201,Created,7,508,56
371,Sun May 14 13:04:34 BDT 2023,Sun May 14 13:04:34 BDT 2023,GET,http://localhost:3000/.idea/WebServers.xml,404,Not Found,5,400,2
372,Sun May 14 13:04:34 BDT 2023,Sun May 14 13:04:34 BDT 2023,POST,http://localhost:3000/posts,201,Created,16,509,111
373,Sun May 14 13:04:34 BDT 2023,Sun May 14 13:04:34 BDT 2023,GET,http://localhost:3000/config/databases.yml,404,Not Found,16,400,2
374,Sun May 14 13:04:34 BDT 2023,Sun May 14 13:04:34 BDT 2023,GET,http://localhost:3000/config/database.yml,404,Not Found,6,400,2
375,Sun May 14 13:04:34 BDT 2023,Sun May 14 13:04:34 BDT 2023,POST,http://localhost:3000/posts,201,Created,8,508,86
376,Sun May 14 13:04:34 BDT 2023,Sun May 14 13:04:34 BDT 2023,GET,http://localhost:3000/.git/config,404,Not Found,4,400,2
377,Sun May 14 13:04:34 BDT 2023,Sun May 14 13:04:34 BDT 2023,POST,http://localhost:3000/posts,201,Created,7,509,119
378,Sun May 14 13:04:34 BDT 2023,Sun May 14 13:04:34 BDT 2023,GET,http://localhost:3000/.svn/entries,404,Not Found,6,400,2
379,Sun May 14 13:04:34 BDT 2023,Sun May 14 13:04:34 BDT 2023,POST,http://localhost:3000/posts,201,Created,8,509,115
380,Sun May 14 13:04:34 BDT 2023,Sun May 14 13:04:34 BDT 2023,GET,http://localhost:3000/.svn/wc.db,404,Not Found,9,400,2
381,Sun May 14 13:04:34 BDT 2023,Sun May 14 13:04:34 BDT 2023,POST,http://localhost:3000/posts,201,Created,10,509,113
382,Sun May 14 13:04:34 BDT 2023,Sun May 14 13:04:34 BDT 2023,GET,http://localhost:3000/CVS/root,404,Not Found,11,400,2
383,Sun May 14 13:04:34 BDT 2023,Sun May 14 13:04:34 BDT 2023,POST,http://localhost:3000/posts,201,Created,7,510,317
384,Sun May 14 13:04:34 BDT 2023,Sun May 14 13:04:34 BDT 2023,GET,http://localhost:3000/core,404,Not Found,35,400,2
385,Sun May 14 13:04:34 BDT 2023,Sun May 14 13:04:34 BDT 2023,POST,http://localhost:3000/posts,201,Created,18,509,116
386,Sun May 14 13:04:34 BDT 2023,Sun May 14 13:04:34 BDT 2023,GET,http://localhost:3000/sftp-config.json,404,Not Found,12,400,2
387,Sun May 14 13:04:34 BDT 2023,Sun May 14 13:04:34 BDT 2023,POST,http://localhost:3000/posts,201,Created,12,508,91
388,Sun May 14 13:04:34 BDT 2023,Sun May 14 13:04:34 BDT 2023,GET,http://localhost:3000/WS_FTP.ini,404,Not Found,13,400,2
389,Sun May 14 13:04:34 BDT 2023,Sun May 14 13:04:34 BDT 2023,POST,http://localhost:3000/posts,201,Created,6,509,124
390,Sun May 14 13:04:34 BDT 2023,Sun May 14 13:04:34 BDT 2023,GET,http://localhost:3000/ws_ftp.ini,404,Not Found,6,400,2
391,Sun May 14 13:04:34 BDT 2023,Sun May 14 13:04:34 BDT 2023,GET,http://localhost:3000/filezilla.xml,404,Not Found,33,400,2
392,Sun May 14 13:04:34 BDT 2023,Sun May 14 13:04:34 BDT 2023,POST,http://localhost:3000/posts,201,Created,25,509,118
393,Sun May 14 13:04:34 BDT 2023,Sun May 14 13:04:34 BDT 2023,GET,http://localhost:3000/sitemanager.xml,404,Not Found,8,400,2
394,Sun May 14 13:04:34 BDT 2023,Sun May 14 13:04:34 BDT 2023,POST,http://localhost:3000/posts,201,Created,12,510,322
395,Sun May 14 13:04:34 BDT 2023,Sun May 14 13:04:34 BDT 2023,GET,http://localhost:3000/FileZilla.xml,404,Not Found,13,400,2
396,Sun May 14 13:04:34 BDT 2023,Sun May 14 13:04:34 BDT 2023,GET,http://localhost:3000/winscp.ini,404,Not Found,22,400,2
397,Sun May 14 13:04:34 BDT 2023,Sun May 14 13:04:34 BDT 2023,GET,http://localhost:3000/WinSCP.ini,404,Not Found,16,400,2
398,Sun May 14 13:04:34 BDT 2023,Sun May 14 13:04:34 BDT 2023,GET,http://localhost:3000/.DS_Store,404,Not Found,14,400,2
399,Sun May 14 13:04:34 BDT 2023,Sun May 14 13:04:35 BDT 2023,GET,http://localhost:3000/.php_cs.cache,404,Not Found,16,400,2
400,Sun May 14 13:04:35 BDT 2023,Sun May 14 13:04:35 BDT 2023,GET,http://localhost:3000/DEADJOE,404,Not Found,5,400,2
401,Sun May 14 13:04:35 BDT 2023,Sun May 14 13:04:35 BDT 2023,GET,http://localhost:3000/sites/default/private/files/backup_migrate/scheduled/test.txt,404,Not Found,10,400,2
402,Sun May 14 13:04:35 BDT 2023,Sun May 14 13:04:35 BDT 2023,GET,http://localhost:3000/app/etc/local.xml,404,Not Found,22,400,2
403,Sun May 14 13:04:35 BDT 2023,Sun May 14 13:04:35 BDT 2023,GET,http://localhost:3000/server.key,404,Not Found,8,400,2
404,Sun May 14 13:04:35 BDT 2023,Sun May 14 13:04:35 BDT 2023,GET,http://localhost:3000/privatekey.key,404,Not Found,7,400,2
405,Sun May 14 13:04:35 BDT 2023,Sun May 14 13:04:35 BDT 2023,GET,http://localhost:3000/myserver.key,404,Not Found,4,400,2
406,Sun May 14 13:04:35 BDT 2023,Sun May 14 13:04:35 BDT 2023,GET,http://localhost:3000/key.pem,404,Not Found,19,400,2
407,Sun May 14 13:04:35 BDT 2023,Sun May 14 13:04:35 BDT 2023,GET,http://localhost:3000/id_rsa,404,Not Found,14,400,2
408,Sun May 14 13:04:35 BDT 2023,Sun May 14 13:04:35 BDT 2023,GET,http://localhost:3000/id_dsa,404,Not Found,15,400,2
409,Sun May 14 13:04:35 BDT 2023,Sun May 14 13:04:35 BDT 2023,GET,http://localhost:3000/.ssh/id_rsa,404,Not Found,16,400,2
410,Sun May 14 13:04:35 BDT 2023,Sun May 14 13:04:35 BDT 2023,GET,http://localhost:3000/.ssh/id_dsa,404,Not Found,15,400,2
411,Sun May 14 13:04:35 BDT 2023,Sun May 14 13:04:35 BDT 2023,GET,http://localhost:3000/adminer.php,404,Not Found,16,400,2
412,Sun May 14 13:04:35 BDT 2023,Sun May 14 13:04:35 BDT 2023,GET,http://localhost:3000/vb_test.php,404,Not Found,14,400,2
413,Sun May 14 13:04:35 BDT 2023,Sun May 14 13:04:35 BDT 2023,GET,http://localhost:3000/CHANGELOG.txt,404,Not Found,14,400,2
414,Sun May 14 13:04:35 BDT 2023,Sun May 14 13:04:35 BDT 2023,GET,http://localhost:3000/sites/default/files/.ht.sqlite,404,Not Found,16,400,2
415,Sun May 14 13:04:35 BDT 2023,Sun May 14 13:04:35 BDT 2023,GET,http://localhost:3000/composer.json,404,Not Found,15,400,2
416,Sun May 14 13:04:35 BDT 2023,Sun May 14 13:04:35 BDT 2023,GET,http://localhost:3000/composer.lock,404,Not Found,15,400,2
417,Sun May 14 13:04:35 BDT 2023,Sun May 14 13:04:35 BDT 2023,GET,http://localhost:3000/vim_settings.xml,404,Not Found,17,400,2
418,Sun May 14 13:04:35 BDT 2023,Sun May 14 13:04:35 BDT 2023,GET,http://localhost:3000/server-info,404,Not Found,13,400,2
419,Sun May 14 13:04:35 BDT 2023,Sun May 14 13:04:35 BDT 2023,GET,http://localhost:3000/phpinfo.php,404,Not Found,15,400,2
420,Sun May 14 13:04:35 BDT 2023,Sun May 14 13:04:35 BDT 2023,GET,http://localhost:3000/info.php,404,Not Found,15,400,2
421,Sun May 14 13:04:35 BDT 2023,Sun May 14 13:04:35 BDT 2023,GET,http://localhost:3000/i.php,404,Not Found,15,400,2
422,Sun May 14 13:04:35 BDT 2023,Sun May 14 13:04:35 BDT 2023,GET,http://localhost:3000/test.php,404,Not Found,16,400,2
423,Sun May 14 13:04:35 BDT 2023,Sun May 14 13:04:35 BDT 2023,GET,http://localhost:3000/_wpeprivate/config.json,404,Not Found,13,400,2
424,Sun May 14 13:04:35 BDT 2023,Sun May 14 13:04:35 BDT 2023,GET,http://localhost:3000/.hg,404,Not Found,17,400,2
425,Sun May 14 13:04:35 BDT 2023,Sun May 14 13:04:35 BDT 2023,GET,http://localhost:3000/.bzr,404,Not Found,15,400,2
426,Sun May 14 13:04:35 BDT 2023,Sun May 14 13:04:35 BDT 2023,GET,http://localhost:3000/._darcs,404,Not Found,15,400,2
427,Sun May 14 13:04:35 BDT 2023,Sun May 14 13:04:35 BDT 2023,GET,http://localhost:3000/BitKeeper,404,Not Found,14,400,2
428,Sun May 14 13:04:35 BDT 2023,Sun May 14 13:04:35 BDT 2023,POST,http://localhost:3000/posts,201,Created,32,508,69
430,Sun May 14 13:04:35 BDT 2023,Sun May 14 13:04:35 BDT 2023,POST,http://localhost:3000/posts,201,Created,37,508,69
432,Sun May 14 13:04:35 BDT 2023,Sun May 14 13:04:35 BDT 2023,POST,http://localhost:3000/posts,201,Created,25,508,69
434,Sun May 14 13:04:35 BDT 2023,Sun May 14 13:04:35 BDT 2023,POST,http://localhost:3000/posts,201,Created,23,508,69
436,Sun May 14 13:04:35 BDT 2023,Sun May 14 13:04:35 BDT 2023,POST,http://localhost:3000/posts,201,Created,22,508,69
438,Sun May 14 13:04:35 BDT 2023,Sun May 14 13:04:35 BDT 2023,POST,http://localhost:3000/posts,201,Created,38,508,69
440,Sun May 14 13:04:35 BDT 2023,Sun May 14 13:04:35 BDT 2023,POST,http://localhost:3000/posts,201,Created,38,508,69
442,Sun May 14 13:04:35 BDT 2023,Sun May 14 13:04:35 BDT 2023,POST,http://localhost:3000/posts,201,Created,37,508,69
444,Sun May 14 13:04:35 BDT 2023,Sun May 14 13:04:35 BDT 2023,POST,http://localhost:3000/posts,201,Created,12,508,69
446,Sun May 14 13:04:35 BDT 2023,Sun May 14 13:04:35 BDT 2023,POST,http://localhost:3000/posts,201,Created,28,508,69
448,Sun May 14 13:04:35 BDT 2023,Sun May 14 13:04:35 BDT 2023,POST,http://localhost:3000/posts,201,Created,23,508,69
450,Sun May 14 13:04:35 BDT 2023,Sun May 14 13:04:35 BDT 2023,POST,http://localhost:3000/posts,201,Created,27,508,69
